Country Name,Country Code,Series Name,Series Code,2015 [YR2015],2016 [YR2016],2017 [YR2017],2018 [YR2018],2019 [YR2019],2020 [YR2020],2021 [YR2021],2022 [YR2022],2023 [YR2023]
Viet Nam,VNM,Control of Corruption: Percentile Rank,CC.PER.RNK,40,36.6666679382324,30.4761905670166,35.238094329834,32.8571434020996,41.4285697937012,45.7142868041992,46.2264137268066,38.6792449951172
Viet Nam,VNM,Carbon dioxide (CO2) emissions (total) excluding LULUCF (% change from 1990),EN.GHG.CO2.ZG.AR5,875.552531168736,990.989865603811,1019.90521787737,1279.73752642963,1547.48827375021,1611.24942280118,1557.98284200549,1479.21938415923,1712.76156220381
Viet Nam,VNM,Rule of Law: Percentile Rank,RL.PER.RNK,43.3333320617676,56.1904754638672,54.761905670166,52.3809509277344,51.9047622680664,46.6666679382324,46.6666679382324,47.6415100097656,50.4716987609863
Viet Nam,VNM,Renewable energy consumption (% of total final energy consumption),EG.FEC.RNEW.ZS,27.8,26.8,28.3,24.3,20.4,18.9,24.2,..,..
Viet Nam,VNM,"PM2.5 air pollution, mean annual exposure (micrograms per cubic meter)",EN.ATM.PM25.MC.M3,19.377014054477,20.3304456216218,18.5797797556674,20.1630176303186,20.8317868906878,20.8010641731194,..,..,..
Viet Nam,VNM,Renewable electricity output (% of total electricity output),EG.ELC.RNEW.ZS,35.3964190424428,36.0290921584165,45.1716093478926,39.5259564601314,30.8673770187175,35.7344713706839,41.1697321016349,..,..
Viet Nam,VNM,Forest area (% of land area),AG.LND.FRST.ZS,44.8711640388917,45.8783548775157,45.9963369846492,46.2346815387217,46.4768416451573,46.7190017515929,46.9611618580284,47.203321964464,47.4454820708996
Viet Nam,VNM,Gini index,SI.POV.GINI,..,35.3,..,35.7,..,36.8,..,36.1,..
Viet Nam,VNM,"Labor force participation rate, total (% of total population ages 15-64) (modeled ILO estimate)",SL.TLF.ACTI.ZS,81.765,81.479,82.091,82.855,81.939,80.059,78.422,79.497,79.278
Viet Nam,VNM,"Life expectancy at birth, total (years)",SP.DYN.LE00.IN,73.955,73.984,74.026,74.1,74.211,75.383,74.145,74.502,74.588
Viet Nam,VNM,Regulatory Quality: Estimate,RQ.EST,-0.505210995674133,-0.502611756324768,-0.433779716491699,-0.372491270303726,-0.375260800123215,-0.236916333436966,-0.404661357402802,-0.429956316947937,-0.382607728242874
Viet Nam,VNM,Voice and Accountability: Estimate,VA.EST,-1.35883224010468,-1.37323105335236,-1.41349077224731,-1.47091710567474,-1.40485322475433,-1.37661600112915,-1.30874562263489,-1.28640735149384,-1.24185371398926
Viet Nam,VNM,Energy use (kg of oil equivalent per capita),EG.USE.PCAP.KG.OE,679.445923972947,738.879533385899,757.479979941312,885.646841787765,987.27147244039,991.281232485165,962.199524881189,1023.0571362687,..
Viet Nam,VNM,"Electricity production from renewable sources, excluding hydroelectric (% of total)",EG.ELC.RNWX.ZS,0.733762784722565,0.597059752522706,1.32019593836106,1.30389576930863,2.94445992972498,5.37810936985936,10.1722062845034,..,..
Viet Nam,VNM,Methane (CH4) emissions (total) excluding LULUCF (% change from 1990),EN.GHG.CH4.ZG.AR5,54.6537823333648,52.9039649663942,52.4931903495244,54.7622310903292,54.7200491811786,51.4629936913429,55.5164489485793,54.3828600398932,54.9243054289581
Viet Nam,VNM,"School enrollment, secondary (% gross)",SE.SEC.ENRR,89.4548341262217,90.1583347107672,91.0725198149335,92.8377710790826,94.654621676317,93.1921389514105,92.7690209240401,93.4123434096522,..
Viet Nam,VNM,Human capital index (HCI) (scale 0-1),HD.HCI.OVRL,..,..,0.666,0.687239348888397,..,0.689964532852173,..,..,..
Viet Nam,VNM,Poverty headcount ratio at $4.20 a day (2021 PPP) (% of population),SI.POV.LMIC,..,6.2,..,5.2,..,3.7,..,4.2,..
Viet Nam,VNM,Poverty headcount ratio at national poverty lines (% of population),SI.POV.NAHC,..,9.2,7.9,6.8,5.7,4.8,4.4,4.2,..
Viet Nam,VNM,Government Effectiveness: Estimate,GE.EST,0.0631621554493904,-0.0174771249294281,-0.0333407856523991,-0.0117206163704395,0.0278810821473598,0.193557769060135,0.243436112999916,0.174635261297226,0.126466900110245
Viet Nam,VNM,Political Stability and Absence of Violence/Terrorism: Estimate,PV.EST,0.0638082250952721,0.226832523941994,0.211102172732353,0.0330829620361328,0.0399874038994312,-0.0389890633523464,-0.117782436311245,-0.0461320951581001,-0.0363807342946529
Indonesia,IDN,Control of Corruption: Percentile Rank,CC.PER.RNK,36.6666679382324,38.0952377319336,45.238094329834,44.2857131958008,35.238094329834,36.6666679382324,36.6666679382324,37.2641525268555,36.3207550048828
Indonesia,IDN,Carbon dioxide (CO2) emissions (total) excluding LULUCF (% change from 1990),EN.GHG.CO2.ZG.AR5,216.734516764311,213.439511627648,231.143009379508,269.318424855759,293.94065455049,267.332186907754,282.825003616062,305.907099967734,316.951047792595
Indonesia,IDN,Rule of Law: Percentile Rank,RL.PER.RNK,39.523811340332,40.476188659668,40,41.9047622680664,40.476188659668,40.476188659668,44.2857131958008,45.2830200195312,46.698112487793
Indonesia,IDN,Renewable energy consumption (% of total final energy consumption),EG.FEC.RNEW.ZS,26.6,27.8,25.2,22,19.8,21.9,20.2,..,..
Indonesia,IDN,"PM2.5 air pollution, mean annual exposure (micrograms per cubic meter)",EN.ATM.PM25.MC.M3,18.6712786457665,19.1310042759597,16.9555634840925,18.4371895829409,19.4270918962783,17.8814994983985,..,..,..
Indonesia,IDN,Renewable electricity output (% of total electricity output),EG.ELC.RNEW.ZS,13.6593504639543,15.1437457097094,15.7714127577141,15.5999106611078,14.5841228957778,15.8206622268759,15.5300398228856,..,..
Indonesia,IDN,Forest area (% of land area),AG.LND.FRST.ZS,50.6135490506354,50.7434545269582,50.0393338229866,49.7168177792076,49.3942964092507,49.0717803654717,48.3619448681206,48.0419900717626,47.7220336902463
Indonesia,IDN,Gini index,SI.POV.GINI,38.2,36.9,36.4,36.3,35.4,35.3,35.5,35.5,36.1
Indonesia,IDN,"Labor force participation rate, total (% of total population ages 15-64) (modeled ILO estimate)",SL.TLF.ACTI.ZS,69.001,68.742,69.047,70.027,70.571,69.644,68.175,69.08,69.073
Indonesia,IDN,"Life expectancy at birth, total (years)",SP.DYN.LE00.IN,69.52,69.733,69.953,70.08,70.349,68.817,67.452,70.925,71.146
Indonesia,IDN,Regulatory Quality: Estimate,RQ.EST,-0.158227473497391,-0.0313757993280888,0.0279275011271238,-0.0218164678663015,0.0289513897150755,0.216156706213951,0.287561029195786,0.205959960818291,0.301378756761551
Indonesia,IDN,Voice and Accountability: Estimate,VA.EST,0.184877097606659,0.16793267428875,0.131470382213593,0.162210986018181,0.131386235356331,0.0993008315563202,0.149332702159882,0.14396958053112,0.138982817530632
Indonesia,IDN,Energy use (kg of oil equivalent per capita),EG.USE.PCAP.KG.OE,698.660737586188,718.57953489745,755.351304203294,826.038659966956,844.870039441295,848.436766186593,896.813534898965,953.65392850686,976.949985543796
Indonesia,IDN,"Electricity production from renewable sources, excluding hydroelectric (% of total)",EG.ELC.RNWX.ZS,8.08662643566284,8.02110060254748,8.98691311092176,8.5965183727374,8.09560604666851,8.4805233601994,8.65237684146036,..,..
Indonesia,IDN,Methane (CH4) emissions (total) excluding LULUCF (% change from 1990),EN.GHG.CH4.ZG.AR5,72.5735534118768,74.0999028424178,85.3040847052823,102.926170590841,109.780221157467,102.525443244006,102.295981337898,121.609470112464,136.21035297682
Indonesia,IDN,"School enrollment, secondary (% gross)",SE.SEC.ENRR,87.8423207929976,87.8191791728036,90.9455391241064,92.8120739600443,94.9467044891028,96.9345779132931,97.8441479813619,97.8167602714893,96.0002120295081
Indonesia,IDN,Human capital index (HCI) (scale 0-1),HD.HCI.OVRL,..,..,0.535,0.53795725107193,..,0.540038466453552,..,..,..
Indonesia,IDN,Poverty headcount ratio at $4.20 a day (2021 PPP) (% of population),SI.POV.LMIC,43.4,38.7,34.1,30.3,28.3,26.4,24.2,23.7,21.9
Indonesia,IDN,Poverty headcount ratio at national poverty lines (% of population),SI.POV.NAHC,11.2,10.9,10.6,9.8,9.4,9.8,10.1,9.5,9.4
Indonesia,IDN,Government Effectiveness: Estimate,GE.EST,-0.325818121433258,-0.0507822521030903,-0.0197342690080404,0.141379877924919,0.138700008392334,0.31706503033638,0.346443444490433,0.436147511005402,0.58032637834549
Indonesia,IDN,Political Stability and Absence of Violence/Terrorism: Estimate,PV.EST,-0.619956314563751,-0.379699736833572,-0.504938721656799,-0.552034020423889,-0.502143025398254,-0.462311387062073,-0.531449198722839,-0.553894221782684,-0.404375314712524
Singapore,SGP,Control of Corruption: Percentile Rank,CC.PER.RNK,96.6666641235352,97.1428604125977,97.6190490722656,98.5714263916016,99.0476226806641,99.0476226806641,98.5714263916016,98.5849075317383,98.1132049560547
Singapore,SGP,Carbon dioxide (CO2) emissions (total) excluding LULUCF (% change from 1990),EN.GHG.CO2.ZG.AR5,74.3786376476387,67.4152084478738,79.7814725640005,71.337390436107,76.6369019407107,70.2444372823731,75.9641938562067,76.1781080756568,80.3208397318015
Singapore,SGP,Rule of Law: Percentile Rank,RL.PER.RNK,94.2857131958008,96.1904754638672,96.6666641235352,97.6190490722656,97.6190490722656,98.5714263916016,98.5714263916016,99.0566024780273,98.1132049560547
Singapore,SGP,Renewable energy consumption (% of total final energy consumption),EG.FEC.RNEW.ZS,0.7,0.7,0.7,0.8,0.9,0.9,1.1,..,..
Singapore,SGP,"PM2.5 air pollution, mean annual exposure (micrograms per cubic meter)",EN.ATM.PM25.MC.M3,17.1833032960407,15.900294890346,16.0768840541767,15.9768571619193,17.0759063187283,13.8691955865476,..,..,..
Singapore,SGP,Renewable electricity output (% of total electricity output),EG.ELC.RNEW.ZS,4.17967076556922,4.59045610232792,4.27901206291037,4.11612199206036,4.17542088160238,4.08125772500843,4.02215992761209,..,..
Singapore,SGP,Forest area (% of land area),AG.LND.FRST.ZS,23.2318758815233,22.9696755994358,22.626404494382,22.3109243697479,21.9972067039106,21.6852367688022,21.4345403899721,21.1838440111421,20.933147632312
Singapore,SGP,Gini index,SI.POV.GINI,..,..,..,..,..,..,..,..,..
Singapore,SGP,"Labor force participation rate, total (% of total population ages 15-64) (modeled ILO estimate)",SL.TLF.ACTI.ZS,74.548,74.413,74.361,74.119,74.749,74.58,76.847,76.092,76.097
Singapore,SGP,"Life expectancy at birth, total (years)",SP.DYN.LE00.IN,82.7439024390244,82.8463414634146,83.0951219512195,83.2975609756098,83.5951219512195,83.5439024390244,83.0926829268293,82.8951219512195,82.8951219512195
Singapore,SGP,Regulatory Quality: Estimate,RQ.EST,2.25223541259766,2.17064332962036,2.10915470123291,2.12173795700073,2.15443754196167,2.20529913902283,2.22689867019653,2.21437835693359,2.30859136581421
Singapore,SGP,Voice and Accountability: Estimate,VA.EST,-0.161713510751724,-0.149904429912567,-0.168806582689285,-0.0758845582604408,-0.206006988883018,-0.203881621360779,-0.13955394923687,-0.0601325668394566,-0.0654119327664375
Singapore,SGP,Energy use (kg of oil equivalent per capita),EG.USE.PCAP.KG.OE,5242.6504334371,5449.41985010808,5799.39529471808,5692.66564748734,5565.91519291042,5538.12371561154,5966.32763521289,5785.04367341681,5282.7637359991
Singapore,SGP,"Electricity production from renewable sources, excluding hydroelectric (% of total)",EG.ELC.RNWX.ZS,4.17967076556922,4.59045610232792,4.27901206291037,4.11612199206036,4.17542088160238,4.08125772500843,4.02215992761209,..,..
Singapore,SGP,Methane (CH4) emissions (total) excluding LULUCF (% change from 1990),EN.GHG.CH4.ZG.AR5,274.515060715975,255.779845450244,291.91767859959,291.239552121117,302.499605740419,285.096987856805,305.969090048888,322.898596435893,358.839299794985
Singapore,SGP,"School enrollment, secondary (% gross)",SE.SEC.ENRR,..,107.745868589242,107.472873863465,105.745250914262,104.621987875083,103.115839213946,102.951274385922,103.009804103267,103.082801906213
Singapore,SGP,Human capital index (HCI) (scale 0-1),HD.HCI.OVRL,..,..,0.884,0.887083649635315,..,0.879125714302063,..,..,..
Singapore,SGP,Poverty headcount ratio at $4.20 a day (2021 PPP) (% of population),SI.POV.LMIC,..,..,..,..,..,..,..,..,..
Singapore,SGP,Poverty headcount ratio at national poverty lines (% of population),SI.POV.NAHC,..,..,..,..,..,..,..,..,..
Singapore,SGP,Government Effectiveness: Estimate,GE.EST,2.248699426651,2.21462416648865,2.22598195075989,2.23176574707031,2.2316722869873,2.28420281410217,2.24803853034973,2.14423561096191,2.31747198104858
Singapore,SGP,Political Stability and Absence of Violence/Terrorism: Estimate,PV.EST,1.29889214038849,1.47746896743774,1.59912502765656,1.46825659275055,1.48045420646667,1.43851101398468,1.44250547885895,1.44037234783173,1.42420423030853
Thailand,THA,Control of Corruption: Percentile Rank,CC.PER.RNK,35.238094329834,39.0476188659668,41.4285697937012,39.0476188659668,35.7142868041992,35.238094329834,34.761905670166,35.8490562438965,35.8490562438965
Thailand,THA,Carbon dioxide (CO2) emissions (total) excluding LULUCF (% change from 1990),EN.GHG.CO2.ZG.AR5,193.334535734921,189.423549804068,190.400536047405,187.932327160889,198.265081314155,187.778391794868,180.492886780958,189.277793565124,187.485830710944
Thailand,THA,Rule of Law: Percentile Rank,RL.PER.RNK,50,52.8571434020996,53.8095245361328,52.8571434020996,56.1904754638672,55.238094329834,55.238094329834,54.7169799804688,57.5471687316895
Thailand,THA,Renewable energy consumption (% of total final energy consumption),EG.FEC.RNEW.ZS,22.6,22.4,22.2,23.7,23.9,20.9,19,..,..
Thailand,THA,"PM2.5 air pollution, mean annual exposure (micrograms per cubic meter)",EN.ATM.PM25.MC.M3,28.1544413826202,30.3985996204755,27.1006744719071,30.0080973964844,30.382756547172,31.0072016277159,..,..,..
Thailand,THA,Renewable electricity output (% of total electricity output),EG.ELC.RNEW.ZS,13.1383644566273,20.9233645462311,20.2627968718758,23.9614675434309,25.2454437243751,18.8002557141409,19.9307401392503,..,..
Thailand,THA,Forest area (% of land area),AG.LND.FRST.ZS,39.2667697547417,39.1806455401358,39.1101802736401,39.0397150071444,38.9692497406487,38.8987844741529,38.8283192076572,38.7578539411615,38.6873886746658
Thailand,THA,Gini index,SI.POV.GINI,36,36.7,36.4,36.4,34.9,35,34.9,34.3,33.5
Thailand,THA,"Labor force participation rate, total (% of total population ages 15-64) (modeled ILO estimate)",SL.TLF.ACTI.ZS,75.594,74.86,74.277,74.858,74.322,74.547,74.695,75.272,75.312
Thailand,THA,"Life expectancy at birth, total (years)",SP.DYN.LE00.IN,76.563,76.769,76.989,77.19,77.197,77.331,77.606,75.291,76.412
Thailand,THA,Regulatory Quality: Estimate,RQ.EST,0.195901736617088,0.0528686940670013,0.0076168579980731,-0.0440966561436653,-0.0219450928270817,0.0636607557535172,0.0835350751876831,0.165019407868385,0.158257782459259
Thailand,THA,Voice and Accountability: Estimate,VA.EST,-0.969038724899292,-1.022944688797,-1.04547691345215,-1.017458319664,-0.846085667610168,-0.809261918067932,-0.789397776126862,-0.620351493358612,-0.450371354818344
Thailand,THA,Energy use (kg of oil equivalent per capita),EG.USE.PCAP.KG.OE,1932.67390968815,1985.00530928348,1988.13781529099,1951.8556356188,1989.81234226863,1884.35073727402,1848.06336093307,1867.46968312053,1851.27231424167
Thailand,THA,"Electricity production from renewable sources, excluding hydroelectric (% of total)",EG.ELC.RNWX.ZS,10.9237564959169,18.9619482005576,17.5784530448113,19.638923446039,21.8353127893136,16.1636964774532,17.2997083499576,..,..
Thailand,THA,Methane (CH4) emissions (total) excluding LULUCF (% change from 1990),EN.GHG.CH4.ZG.AR5,5.34444165564885,8.22496685324643,7.42571255023332,4.5528383977965,-0.409610832387053,4.12008781906958,5.44073285815989,7.40733138076173,5.24581781741809
Thailand,THA,"School enrollment, secondary (% gross)",SE.SEC.ENRR,124.330596923828,122.563217163086,79.5062371844027,80.6045305135668,81.7206425877734,82.3668560969625,84.6644528199547,88.0661686868399,93.3356315272258
Thailand,THA,Human capital index (HCI) (scale 0-1),HD.HCI.OVRL,..,..,0.604,0.616861402988434,..,0.609310984611511,..,..,..
Thailand,THA,Poverty headcount ratio at $4.20 a day (2021 PPP) (% of population),SI.POV.LMIC,0.8,1,0.8,0.9,0.6,0.6,0.5,0.2,0.1
Thailand,THA,Poverty headcount ratio at national poverty lines (% of population),SI.POV.NAHC,7.2,8.6,7.9,9.9,6.2,6.8,6.3,5.4,..
Thailand,THA,Government Effectiveness: Estimate,GE.EST,0.238737538456917,0.22570513188839,0.257845818996429,0.254539996385574,0.260609537363052,0.201812535524368,0.220056802034378,0.127444162964821,0.171705812215805
Thailand,THA,Political Stability and Absence of Violence/Terrorism: Estimate,PV.EST,-0.995044946670532,-0.991300225257874,-0.754879415035248,-0.799416124820709,-0.491406112909317,-0.578270494937897,-0.56877988576889,-0.393339306116104,-0.280302882194519
Philippines,PHL,Control of Corruption: Percentile Rank,CC.PER.RNK,38.0952377319336,35.7142868041992,38.5714302062988,32.8571434020996,30.9523811340332,33.3333320617676,33.8095245361328,33.4905662536621,32.5471687316895
Philippines,PHL,Carbon dioxide (CO2) emissions (total) excluding LULUCF (% change from 1990),EN.GHG.CO2.ZG.AR5,165.783008586836,184.834463839462,218.535916273651,231.899767009263,247.365466639109,218.953514590105,241.939037222149,253.804654177862,278.817337141354
Philippines,PHL,Rule of Law: Percentile Rank,RL.PER.RNK,40,36.1904754638672,32.3809509277344,31.9047622680664,29.5238094329834,28.0952377319336,26.1904754638672,33.0188674926758,37.2641525268555
Philippines,PHL,Renewable energy consumption (% of total final energy consumption),EG.FEC.RNEW.ZS,30.8,28.6,27.8,27.6,26.9,29.1,28,..,..
Philippines,PHL,"PM2.5 air pollution, mean annual exposure (micrograms per cubic meter)",EN.ATM.PM25.MC.M3,19.7079275985218,19.9069716374648,18.3327018141416,20.5885077839401,21.5254371973976,20.2887417122616,..,..,..
Philippines,PHL,Renewable electricity output (% of total electricity output),EG.ELC.RNEW.ZS,25.5285937898147,24.3251318876174,24.6857793790399,23.4897057054649,20.9368263218944,21.3903690236352,22.7211103754847,..,..
Philippines,PHL,Forest area (% of land area),AG.LND.FRST.ZS,23.5239963779052,23.6410101619881,23.758023946071,23.8750041922393,23.9920179763222,24.1090317604051,24.226045544488,24.3430593285709,24.4600731126539
Philippines,PHL,Gini index,SI.POV.GINI,44.6,..,..,42.3,..,..,40.7,..,39.3
Philippines,PHL,"Labor force participation rate, total (% of total population ages 15-64) (modeled ILO estimate)",SL.TLF.ACTI.ZS,62.954,63.197,60.949,60.799,61.331,56.681,58.501,63.462,63.476
Philippines,PHL,"Life expectancy at birth, total (years)",SP.DYN.LE00.IN,69.45,69.49,69.966,69.761,69.68,70.097,66.675,69.472,69.833
Philippines,PHL,Regulatory Quality: Estimate,RQ.EST,0.0541701726615429,0.112924449145794,0.127081677317619,0.0287664085626602,0.100199609994888,0.113156676292419,0.0623732283711433,0.0627855956554413,0.16425496339798
Philippines,PHL,Voice and Accountability: Estimate,VA.EST,0.14704766869545,0.163373067975044,0.0839975401759148,0.0210947003215551,0.00574713759124279,-0.106204241514206,-0.154726296663284,-0.0548803359270096,-0.0168379731476307
Philippines,PHL,Energy use (kg of oil equivalent per capita),EG.USE.PCAP.KG.OE,499.070776259238,520.980850770081,544.47519980766,554.498283533215,551.866549795025,518.156775784154,530.987980701231,550.793803994865,..
Philippines,PHL,"Electricity production from renewable sources, excluding hydroelectric (% of total)",EG.ELC.RNWX.ZS,15.0144758715251,15.3920173574017,14.5024584083925,14.0845094422838,13.3689987834894,14.322411675102,14.0338882058072,..,..
Philippines,PHL,Methane (CH4) emissions (total) excluding LULUCF (% change from 1990),EN.GHG.CH4.ZG.AR5,33.6837904144054,36.4442757589868,41.840232264224,42.3739391401998,42.8160863321739,43.4196368132535,45.7315188342966,43.1868247962406,43.3357071029186
Philippines,PHL,"School enrollment, secondary (% gross)",SE.SEC.ENRR,82.0085254812081,82.7837574272484,80.9227600097656,79.3622469757001,85.3821865979599,87.9419879481158,85.8666475631511,92.291271176651,91.5493424610693
Philippines,PHL,Human capital index (HCI) (scale 0-1),HD.HCI.OVRL,..,..,0.548,0.549015581607819,..,0.51596212387085,..,..,..
Philippines,PHL,Poverty headcount ratio at $4.20 a day (2021 PPP) (% of population),SI.POV.LMIC,30.7,..,..,21.8,..,..,21.3,..,16.9
Philippines,PHL,Poverty headcount ratio at national poverty lines (% of population),SI.POV.NAHC,23.5,..,..,16.7,..,..,18.1,..,15.5
Philippines,PHL,Government Effectiveness: Estimate,GE.EST,0.160157755017281,0.0184973310679197,-0.0349111147224903,0.062349122017622,0.059953011572361,0.0678123831748962,0.0347901321947575,0.063930444419384,0.154091909527779
Philippines,PHL,Political Stability and Absence of Violence/Terrorism: Estimate,PV.EST,-0.854724228382111,-1.37869036197662,-1.18929100036621,-1.09620380401611,-0.9280606508255,-0.778704285621643,-0.984022319316864,-0.655268549919128,-0.566050469875336
Malaysia,MYS,Control of Corruption: Percentile Rank,CC.PER.RNK,60.476188659668,57.6190490722656,55.7142868041992,62.8571434020996,60.9523811340332,60.476188659668,59.0476188659668,62.2641525268555,61.7924537658691
Malaysia,MYS,Carbon dioxide (CO2) emissions (total) excluding LULUCF (% change from 1990),EN.GHG.CO2.ZG.AR5,292.610322822998,284.289756807813,269.22696022961,294.834086954362,296.147141595379,293.331812120958,301.901825920527,325.850055027529,339.791035091886
Malaysia,MYS,Rule of Law: Percentile Rank,RL.PER.RNK,66.1904754638672,64.2857131958008,63.8095245361328,69.523811340332,67.6190490722656,68.5714263916016,68.5714263916016,68.3962249755859,67.4528274536133
Malaysia,MYS,Renewable energy consumption (% of total final energy consumption),EG.FEC.RNEW.ZS,3.4,4.4,5.2,5.3,5.7,7,7.5,..,..
Malaysia,MYS,"PM2.5 air pollution, mean annual exposure (micrograms per cubic meter)",EN.ATM.PM25.MC.M3,16.9297330913892,16.3864419259472,14.9450075810201,16.6541753286852,17.8197510834605,16.1938532237922,..,..,..
Malaysia,MYS,Renewable electricity output (% of total electricity output),EG.ELC.RNEW.ZS,11.1401917094649,13.6711221754117,17.0431848852901,16.7095480216049,16.1811968399747,17.5710782624676,17.0004556137729,..,..
Malaysia,MYS,Forest area (% of land area),AG.LND.FRST.ZS,59.2427940952671,58.7875209252777,58.6348805356871,58.4822401460965,58.3295997565059,58.1769593669152,58.0243189773246,57.871678587734,57.7190381981434
Malaysia,MYS,Gini index,SI.POV.GINI,41.1,..,..,41.2,..,..,40.7,..,..
Malaysia,MYS,"Labor force participation rate, total (% of total population ages 15-64) (modeled ILO estimate)",SL.TLF.ACTI.ZS,68.354,68.338,68.555,69.065,69.499,69.332,69.565,69.641,69.753
Malaysia,MYS,"Life expectancy at birth, total (years)",SP.DYN.LE00.IN,75.288,75.371,75.542,75.734,75.9,76.057,73.917,75.444,76.657
Malaysia,MYS,Regulatory Quality: Estimate,RQ.EST,0.704775094985962,0.663995385169983,0.671388506889343,0.575907409191132,0.547572374343872,0.666613459587097,0.714465439319611,0.644006609916687,0.660894274711609
Malaysia,MYS,Voice and Accountability: Estimate,VA.EST,-0.391403198242188,-0.416713893413544,-0.398660808801651,-0.099500760436058,-0.0477054789662361,-0.154460147023201,-0.164951831102371,0.000423186487751082,0.0876194089651108
Malaysia,MYS,Energy use (kg of oil equivalent per capita),EG.USE.PCAP.KG.OE,2706.92696275778,2759.17228283076,2617.76462271235,2839.45244829846,2878.2988852867,2722.6031659631,2793.49953523,2867.09651939173,..
Malaysia,MYS,"Electricity production from renewable sources, excluding hydroelectric (% of total)",EG.ELC.RNWX.ZS,1.86513059291381,0.892493297587131,0.888973994237152,1.27179108241407,1.51029138842632,1.89676222635702,-0.280085788739672,..,..
Malaysia,MYS,Methane (CH4) emissions (total) excluding LULUCF (% change from 1990),EN.GHG.CH4.ZG.AR5,40.1438238276,44.3816754297032,45.2729116072902,45.9194115011907,44.631598802254,39.6156838705114,38.5716643481951,40.4871147997077,42.6534317308372
Malaysia,MYS,"School enrollment, secondary (% gross)",SE.SEC.ENRR,81.5115814208984,79.8283920288086,78.8863677978516,74.4872817993164,75.3229827880859,73.2459411621094,74.9618181140898,78.8341986282999,79.4472788704033
Malaysia,MYS,Human capital index (HCI) (scale 0-1),HD.HCI.OVRL,..,..,0.622,0.632578670978546,..,0.610976159572601,..,..,..
Malaysia,MYS,Poverty headcount ratio at $4.20 a day (2021 PPP) (% of population),SI.POV.LMIC,0.4,..,..,0.2,..,..,0.1,..,..
Malaysia,MYS,Poverty headcount ratio at national poverty lines (% of population),SI.POV.NAHC,7.6,..,..,5.6,8.4,..,6.2,..,5.8
Malaysia,MYS,Government Effectiveness: Estimate,GE.EST,0.91708517074585,0.817718744277954,0.77773243188858,1.05388987064362,0.967774987220764,1.02225887775421,0.952433526515961,0.992667615413666,0.875369668006897
Malaysia,MYS,Political Stability and Absence of Violence/Terrorism: Estimate,PV.EST,0.25394731760025,0.129485934972763,0.111209630966187,0.248113676905632,0.14648012816906,0.125864699482918,0.0595565475523472,0.163117811083794,0.16851469874382
,,,,,,,,,,,,
,,,,,,,,,,,,
,,,,,,,,,,,,
Data from database: World Development Indicators,,,,,,,,,,,,
Last Updated: 10/07/2025,,,,,,,,,,,,
